,Player,Mat,Inns,Ov,Runs,Wkts,Avg,Econ,SR,4w,5w,year,Seasons,Landmarks,Bowling_Wkts_Score,Bowling_Avg_Score,Bowling_SR_Score,Bowling_Econ_Score,Bowling_Landmarks_Score,Bowling_Total_rating
426,Yuzvendra Chahal,144,143,523.5,4022,187,22.488999999999997,7.68,17.802,6,1,2023,10,8,5,4,4,4,5,22
26,Amit Mishra,161,161,559.0,4129,173,25.040000000000003,7.454,19.85666666666667,4,1,2023,15,6,5,3,4,5,5,22
68,Bhuvneshwar Kumar,160,160,593.1,4396,170,29.52846153846154,7.297692307692308,24.117692307692305,2,2,2023,13,6,5,3,3,5,5,21
179,Kagiso Rabada,69,69,260.0,2198,106,24.25,8.606666666666667,16.728333333333335,6,0,2023,6,6,5,4,5,2,5,21
376,Sunil Narine,162,161,624.0,4203,163,30.469166666666666,6.8374999999999995,26.24416666666667,7,1,2023,12,9,5,2,3,5,5,20
300,Rashid Khan,109,109,432.5,2885,139,20.805714285714284,6.644285714285715,18.93285714285714,2,0,2023,7,2,5,4,4,5,1,19
305,Ravindra Jadeja,212,195,587.0,4474,152,33.85785714285714,7.602142857142857,26.285,3,1,2023,14,5,5,2,3,4,4,18
241,Mohit Sharma,100,100,334.1,2831,119,29.38888888888889,8.875555555555556,19.371111111111112,3,1,2023,9,5,5,3,4,2,4,18
304,Ravichandran Ashwin,197,194,698.0,4903,171,28.606428571428573,6.757857142857143,24.67142857142857,1,0,2023,14,1,5,3,3,5,1,17
231,Mitchell Marsh,37,30,84.1,686,36,22.508333333333336,7.851666666666667,16.715,2,0,2023,6,2,2,4,5,4,1,16
258,Naveen-ul-Haq,8,7,28.0,219,11,19.9,7.82,15.27,1,0,2023,1,1,1,5,5,4,1,16
301,Ravi Bishnoi,52,51,190.3,1445,53,27.3325,7.4725,21.7125,0,0,2023,4,0,3,3,4,5,1,16
414,Wanindu Hasaranga,24,24,86.0,688,35,22.595,8.215,16.24,1,1,2023,2,3,2,4,5,3,2,16
279,Piyush Chawla,181,180,605.0,4796,179,28.445333333333334,8.09,21.11466666666667,2,0,2023,15,2,5,3,4,3,1,16
17,Akash Madhwal,8,8,25.3,219,14,15.64,8.58,10.92,1,1,2023,1,3,1,5,5,2,2,15
222,Mark Wood,4,4,16.0,130,11,11.81,8.12,8.72,0,1,2023,1,2,1,5,5,3,1,15
43,Anrich Nortje,40,40,153.2,1280,53,24.84,8.34,17.6675,0,0,2023,4,0,3,4,4,3,1,15
328,Sandeep Sharma,116,116,431.0,3398,124,34.25545454545455,7.884545454545455,25.963636363636365,2,0,2023,11,2,5,2,3,4,1,15
261,Noor Ahmad,13,13,47.1,369,16,23.06,7.82,17.68,0,0,2023,1,0,1,4,4,4,1,14
228,Michael Bracewell,5,5,11.0,95,6,15.83,8.63,11.0,0,0,2023,1,0,1,5,5,2,1,14
290,Rahul Chahar,69,68,245.8,1862,65,29.973333333333333,7.640000000000001,23.496666666666666,1,0,2023,6,1,3,3,3,4,1,14
260,Nitish Rana,43,17,22.5,191,10,20.0,8.206666666666667,14.303333333333333,0,0,2023,3,0,1,4,5,3,1,14
9,Adam Zampa,20,20,70.0,558,29,25.59,7.967499999999999,18.75,0,1,2023,4,2,2,3,4,4,1,14
224,Matheesha Pathirana,14,14,52.7,423,21,22.759999999999998,7.8,17.565,0,0,2023,2,0,1,4,4,4,1,14
242,Mohsin Khan,14,13,43.0,304,17,24.865,8.33,17.07,1,0,2023,2,1,1,4,5,3,1,14
235,Moeen Ali,59,48,117.5,822,33,28.455,7.165,23.64333333333333,1,0,2023,6,1,2,3,3,5,1,14
416,Wayne Parnell,33,33,120.1,937,35,27.094,7.867999999999999,21.302,0,0,2023,5,0,2,3,4,4,1,14
392,Trent Boult,88,88,335.0,2787,105,30.128888888888884,8.516666666666667,21.093333333333334,1,0,2023,9,1,5,2,4,2,1,14
56,Axar Patel,136,134,472.0,3421,112,35.795,7.340000000000001,28.971999999999998,1,0,2023,10,1,5,1,2,5,1,14
137,Harshal Patel,91,89,310.3,2672,111,38.36181818181819,9.166363636363636,24.35363636363636,2,1,2023,11,4,5,1,3,1,3,13
184,Karn Sharma,69,68,207.3,1662,69,25.77125,8.67125,18.0325,2,0,2023,8,2,3,3,4,2,1,13
233,Mitchell Santner,15,15,52.0,358,13,27.375,6.9675,23.625,0,0,2023,4,0,1,3,3,5,1,13
240,Mohammed Siraj,79,79,272.0,2327,78,31.915714285714284,8.680000000000001,21.892857142857142,2,0,2023,7,2,4,2,4,2,1,13
402,Varun Chakaravarthy,56,56,214.4,1600,62,31.52,8.346,22.762,1,1,2023,5,3,3,2,3,3,2,13
214,Maheesh Theekshana,22,22,84.0,653,23,28.69,7.725,22.11,1,0,2023,2,1,1,3,4,4,1,13
44,Anukul Roy,7,6,17.0,131,5,29.22,7.156666666666666,23.333333333333332,0,0,2023,3,0,1,3,3,5,1,13
48,Arshdeep Singh,51,51,176.5,1547,57,29.410000000000004,9.065999999999999,19.652,1,1,2023,5,3,3,3,4,1,2,13
189,Khaleel Ahmed,42,42,159.1,1364,57,28.453999999999997,8.584,19.866,0,0,2023,5,0,3,3,4,2,1,13
55,Avesh Khan,45,45,160.4,1376,55,30.246,8.464,21.076,1,0,2023,5,1,3,2,4,3,1,13
419,Yash Thakur,9,9,31.5,289,13,22.23,9.07,14.69,1,0,2023,1,1,1,4,5,1,1,12
31,Andre Russell,109,95,245.2,2283,96,39.61,9.609,24.323,2,1,2023,10,4,4,1,3,1,3,12
193,Krunal Pandya,113,105,320.0,2351,70,36.975,7.33875,29.875,0,0,2023,8,0,3,1,2,5,1,12
347,Shardul Thakur,86,83,278.2,2560,89,30.5275,9.63125,19.07875,1,0,2023,8,1,4,2,4,1,1,12
398,Umesh Yadav,139,138,480.0,4024,136,47.2725,8.549166666666666,31.47583333333333,3,0,2023,12,3,5,1,2,2,2,12
135,Harpreet Brar,25,23,66.1,503,18,29.506666666666664,7.726666666666667,23.236666666666668,1,0,2023,3,1,1,3,3,4,1,12
239,Mohammad Shami,110,110,403.0,3412,127,38.761,8.725,26.276999999999997,2,0,2023,10,2,5,1,3,2,1,12
145,Ishant Sharma,94,94,337.0,2704,83,49.82818181818182,8.475454545454546,33.57545454545454,0,1,2023,11,2,4,1,2,3,1,11
413,Vyshak Vijaykumar,7,7,24.0,253,9,28.11,10.54,16.0,0,0,2023,1,0,1,3,5,1,1,11
220,Marco Jansen,18,18,65.0,586,19,29.44666666666667,8.646666666666667,20.540000000000003,0,0,2023,3,0,1,3,4,2,1,11
173,Josh Hazlewood,27,27,100.3,810,35,33.7025,7.8275,27.759999999999998,1,0,2023,4,1,2,2,2,4,1,11
195,Kuldeep Yadav,73,71,247.4,2016,71,41.30285714285714,8.124285714285714,30.814285714285713,3,0,2023,7,3,3,1,2,3,2,11
80,Chetan Sakariya,19,19,71.0,599,20,29.36,8.979999999999999,20.093333333333334,0,0,2023,3,0,1,3,4,2,1,11
99,Deepak Chahar,71,71,249.0,1978,72,35.291666666666664,8.335,24.55333333333333,2,0,2023,6,2,3,1,3,3,1,11
198,Kumar Kartikeya Singh,12,12,39.0,329,10,32.9,8.285,23.4,0,0,2023,2,0,1,2,3,3,1,10
168,Jofra Archer,40,40,157.0,1171,48,40.34,7.7924999999999995,28.919999999999998,0,0,2023,4,0,2,1,2,4,1,10
158,Jason Behrendorff,17,17,61.0,552,19,30.32,8.945,20.4,0,0,2023,2,0,1,2,4,2,1,10
379,Suyash Sharma,11,11,39.0,321,10,32.1,8.23,23.4,0,0,2023,1,0,1,2,3,3,1,10
415,Washington Sundar,58,56,170.4,1252,36,36.38428571428572,7.728571428571429,28.404285714285713,0,0,2023,7,0,2,1,2,4,1,10
399,Umran Malik,25,25,81.1,757,29,37.193333333333335,9.293333333333333,24.46666666666667,1,1,2023,3,3,2,1,3,1,2,9
252,Mustafizur Rahman,47,47,179.0,1410,47,39.65,8.514,26.660000000000004,0,0,2023,5,0,2,1,3,2,1,9
47,Arshad Khan,6,6,14.1,190,5,38.0,13.41,17.0,0,0,2023,1,0,1,1,5,1,1,9
307,Riley Meredith,18,18,64.4,612,19,33.77333333333333,9.626666666666667,21.116666666666667,0,0,2023,3,0,1,2,4,1,1,9
324,Sam Curran,46,45,155.5,1484,42,36.025,9.53,22.47,1,0,2023,4,1,2,1,4,1,1,9
123,Glenn Maxwell,110,64,130.2,1071,31,45.212222222222216,8.475555555555555,29.793333333333333,0,0,2023,9,0,2,1,2,3,1,9
382,T Natarajan,47,47,171.0,1504,48,37.410000000000004,8.852,25.378,0,0,2023,5,0,2,1,3,2,1,9
221,Marcus Stoinis,82,55,117.5,1148,39,38.97,9.87625,23.93,1,0,2023,8,1,2,1,3,1,1,8
227,Mayank Markande,29,29,95.0,784,29,41.3825,8.555,28.65,2,0,2023,4,2,2,1,2,2,1,8
206,Liam Livingstone,23,17,30.0,296,8,40.33,11.1,22.0,0,0,2023,2,0,1,1,4,1,1,8
24,Alzarri Joseph,16,16,54.0,489,14,34.925,9.085,23.14,0,0,2023,2,0,1,2,3,1,1,8
202,Lalit Yadav,25,17,45.0,369,10,40.583333333333336,8.203333333333333,29.0,0,0,2023,3,0,1,1,2,3,1,8
83,Chris Jordan,32,32,105.5,1030,29,45.544,9.628,27.354000000000003,1,0,2023,5,1,2,1,3,1,1,8
98,David Willey,11,11,36.0,272,6,51.5,7.68,42.0,0,0,2023,3,0,1,1,1,4,1,8
226,Mayank Dagar,3,3,11.0,83,1,83.0,7.54,66.0,0,0,2023,1,0,1,1,1,4,1,8
131,Hardik Pandya,97,81,198.3,1763,53,59.32285714285714,8.885714285714284,38.089999999999996,0,0,2023,7,0,3,1,1,2,1,8
159,Jason Holder,46,46,165.6,1461,53,43.07,9.061428571428571,28.78,1,0,2023,7,1,3,1,2,1,1,8
